{"assets/icons/clouds.png":["assets/icons/clouds.png"],"assets/icons/humidity.png":["assets/icons/humidity.png"],"assets/icons/windspeed.png":["assets/icons/windspeed.png"],"assets/privacy_policy.md":["assets/privacy_policy.md"],"assets/terms_and_conditions.md":["assets/terms_and_conditions.md"],"assets/weather/01d.png":["assets/weather/01d.png"],"assets/weather/01n.png":["assets/weather/01n.png"],"assets/weather/02d.png":["assets/weather/02d.png"],"assets/weather/02n.png":["assets/weather/02n.png"],"assets/weather/03d.png":["assets/weather/03d.png"],"assets/weather/03n.png":["assets/weather/03n.png"],"assets/weather/04d.png":["assets/weather/04d.png"],"assets/weather/04n.png":["assets/weather/04n.png"],"assets/weather/09d.png":["assets/weather/09d.png"],"assets/weather/09n.png":["assets/weather/09n.png"],"assets/weather/10d.png":["assets/weather/10d.png"],"assets/weather/10n.png":["assets/weather/10n.png"],"assets/weather/11d.png":["assets/weather/11d.png"],"assets/weather/11n.png":["assets/weather/11n.png"],"assets/weather/13d.png":["assets/weather/13d.png"],"assets/weather/13n.png":["assets/weather/13n.png"],"assets/weather/50d.png":["assets/weather/50d.png"],"assets/weather/50n.png":["assets/weather/50n.png"],"packages/cupertino_icons/assets/CupertinoIcons.ttf":["packages/cupertino_icons/assets/CupertinoIcons.ttf"]}